"Winning_team","Losing_team","Winning","Losing"
"Boston Celtics","Philadelphia 76ers",126,117
"Golden State Warriors","Los Angeles Lakers",123,109
"Detroit Pistons","Orlando Magic",113,109
"Washington Wizards","Indiana Pacers",114,107
"Atlanta Hawks","Houston Rockets",117,107
"New Orleans Pelicans","Brooklyn Nets",130,108
"Memphis Grizzlies","New York Knicks",115,112
"Chicago Bulls","Miami Heat",116,108
"Toronto Raptors","Cleveland Cavaliers",108,105
"Minnesota Timberwolves","Oklahoma City Thunder",115,108
"Charlotte Hornets","San Antonio Spurs",129,102
"Utah Jazz","Denver Nuggets",123,102
"Phoenix Suns","Dallas Mavericks",107,105
"Portland Trail Blazers","Sacramento Kings",115,108
"Milwaukee Bucks","Philadelphia 76ers",90,88
"Los Angeles Clippers","Los Angeles Lakers",103,97
"New Orleans Pelicans","Charlotte Hornets",124,112
"San Antonio Spurs","Indiana Pacers",137,134
"Washington Wizards","Chicago Bulls",102,100
"Atlanta Hawks","Orlando Magic",108,98
"Brooklyn Nets","Toronto Raptors",109,105
"Boston Celtics","Miami Heat",111,104
"New York Knicks","Detroit Pistons",130,106
"Memphis Grizzlies","Houston Rockets",129,122
"Utah Jazz","Minnesota Timberwolves",132,126
"Denver Nuggets","Golden State Warriors",128,123
"Portland Trail Blazers","Phoenix Suns",113,111
"San Antonio Spurs","Philadelphia 76ers",114,105
"Indiana Pacers","Detroit Pistons",124,115
"Boston Celtics","Orlando Magic",126,120
"Cleveland Cavaliers","Chicago Bulls",128,96
"Miami Heat","Toronto Raptors",112,109
"Milwaukee Bucks","Houston Rockets",125,105
"Dallas Mavericks","Memphis Grizzlies",137,96
"Denver Nuggets","Oklahoma City Thunder",122,117
"Los Angeles Clippers","Sacramento Kings",111,109
"Portland Trail Blazers","Los Angeles Lakers",106,104
"Charlotte Hornets","Atlanta Hawks",126,109
"Cleveland Cavaliers","Washington Wizards",117,107
"Utah Jazz","New Orleans Pelicans",122,121
"Minnesota Timberwolves","Oklahoma City Thunder",116,106
"Golden State Warriors","Sacramento Kings",130,125
"Phoenix Suns","Los Angeles Clippers",112,95
"Philadelphia 76ers","Indiana Pacers",120,106
"Toronto Raptors","Miami Heat",98,90
"New York Knicks","Orlando Magic",115,102
"Chicago Bulls","Boston Celtics",120,102
"Houston Rockets","Utah Jazz",114,108
"Memphis Grizzlies","Brooklyn Nets",134,124
"San Antonio Spurs","Minnesota Timberwolves",115,106
"Portland Trail Blazers","Denver Nuggets",135,110
"Washington Wizards","Detroit Pistons",120,99
"New Orleans Pelicans","Dallas Mavericks",113,111
"Oklahoma City Thunder","Los Angeles Clippers",108,94
"Phoenix Suns","Golden State Warriors",134,105
"Cleveland Cavaliers","Orlando Magic",103,92
"Atlanta Hawks","Detroit Pistons",118,113
"Milwaukee Bucks","Brooklyn Nets",110,99
"New York Knicks","Charlotte Hornets",134,131
"Toronto Raptors","Philadelphia 76ers",119,109
"Chicago Bulls","Indiana Pacers",124,109
"Minnesota Timberwolves","San Antonio Spurs",134,122
"Utah Jazz","Houston Rockets",109,101
"Denver Nuggets","Los Angeles Lakers",110,99
"Miami Heat","Portland Trail Blazers",119,98
"Dallas Mavericks","Brooklyn Nets",129,125
"Oklahoma City Thunder","Los Angeles Clippers",118,110
"Golden State Warriors","Miami Heat",123,110
"Memphis Grizzlies","Sacramento Kings",125,110
"Atlanta Hawks","Detroit Pistons",136,112
"Orlando Magic","Charlotte Hornets",113,93
"Cleveland Cavaliers","Boston Celtics",132,123
"Philadelphia 76ers","Toronto Raptors",112,90
"Indiana Pacers","Washington Wizards",127,117
"Milwaukee Bucks","New York Knicks",119,108
"Minnesota Timberwolves","Los Angeles Lakers",111,102
"San Antonio Spurs","Chicago Bulls",129,124
"Denver Nuggets","Utah Jazz",117,101
"Phoenix Suns","New Orleans Pelicans",124,111
"Portland Trail Blazers","Houston Rockets",125,111
"Sacramento Kings","Miami Heat",119,113
"Charlotte Hornets","Golden State Warriors",120,113
"Indiana Pacers","Brooklyn Nets",125,116
"Philadelphia 76ers","Chicago Bulls",114,109
"Milwaukee Bucks","Atlanta Hawks",123,115
"Oklahoma City Thunder","Dallas Mavericks",117,111
"Utah Jazz","Memphis Grizzlies",124,123
"New Orleans Pelicans","Los Angeles Clippers",112,91
"Boston Celtics","Washington Wizards",112,94
"Cleveland Cavaliers","New York Knicks",121,108
"Detroit Pistons","Golden State Warriors",128,114
"San Antonio Spurs","Minnesota Timberwolves",107,98
"Dallas Mavericks","Orlando Magic",114,105
"Phoenix Suns","Houston Rockets",124,109
"Los Angeles Lakers","Denver Nuggets",121,110
"Sacramento Kings","Charlotte Hornets",115,108
"Philadelphia 76ers","Washington Wizards",118,111
"Brooklyn Nets","Indiana Pacers",116,109
"Toronto Raptors","Atlanta Hawks",139,109
"Milwaukee Bucks","Detroit Pistons",110,108
"Utah Jazz","Memphis Grizzlies",121,105
"Los Angeles Clippers","Houston Rockets",95,93
"Chicago Bulls","Brooklyn Nets",108,99
"Miami Heat","Golden State Warriors",116,109
"Oklahoma City Thunder","Orlando Magic",116,108
"Phoenix Suns","Minnesota Timberwolves",116,107
"Washington Wizards","Philadelphia 76ers",121,111
"Cleveland Cavaliers","Boston Celtics",114,113
"Miami Heat","Sacramento Kings",110,107
"Atlanta Hawks","New York Knicks",112,99
"Chicago Bulls","Charlotte Hornets",106,88
"Los Angeles Clippers","Houston Rockets",109,101
"Milwaukee Bucks","Detroit Pistons",116,91
"Toronto Raptors","San Antonio Spurs",143,100
"Dallas Mavericks","Utah Jazz",103,100
"Memphis Grizzlies","Portland Trail Blazers",111,106
"Los Angeles Lakers","New Orleans Pelicans",120,117
"Orlando Magic","Golden State Warriors",130,129
"Denver Nuggets","Oklahoma City Thunder",122,110
"Cleveland Cavaliers","Detroit Pistons",112,88
"Indiana Pacers","Miami Heat",101,99
"New York Knicks","Philadelphia 76ers",106,104
"Brooklyn Nets","Washington Wizards",128,86
"Boston Celtics","Chicago Bulls",123,119
"Memphis Grizzlies","Charlotte Hornets",130,99
"Los Angeles Clippers","San Antonio Spurs",113,106
"Dallas Mavericks","Toronto Raptors",111,110
"New Orleans Pelicans","Golden State Warriors",114,105
"Milwaukee Bucks","Minnesota Timberwolves",115,102
"Portland Trail Blazers","Phoenix Suns",108,106
"Utah Jazz","Los Angeles Lakers",130,116
"Sacramento Kings","Orlando Magic",126,123
"Brooklyn Nets","Charlotte Hornets",98,94
"Atlanta Hawks","New Orleans Pelicans",124,121
"Boston Celtics","New York Knicks",133,118
"Milwaukee Bucks","Oklahoma City Thunder",108,94
"Minnesota Timberwolves","Houston Rockets",129,117
"Denver Nuggets","San Antonio Spurs",126,101
"Phoenix Suns","Portland Trail Blazers",102,82
"Cleveland Cavaliers","Los Angeles Lakers",114,100
"Memphis Grizzlies","Washington Wizards",103,97
"Toronto Raptors","Chicago Bulls",113,104
"Utah Jazz","Los Angeles Clippers",110,102
"Washington Wizards","Charlotte Hornets",108,100
"Houston Rockets","Orlando Magic",134,127
"Detroit Pistons","Oklahoma City Thunder",112,103
"Indiana Pacers","New Orleans Pelicans",129,122
"Philadelphia 76ers","Phoenix Suns",100,88
"Atlanta Hawks","Milwaukee Bucks",117,98
"Portland Trail Blazers","Miami Heat",110,107
"Chicago Bulls","Toronto Raptors",111,97
"Boston Celtics","Memphis Grizzlies",109,106
"New York Knicks","Minnesota Timberwolves",120,107
"Denver Nuggets","San Antonio Spurs",115,109
"Dallas Mavericks","Brooklyn Nets",96,94
"Golden State Warriors","Sacramento Kings",116,113
"Utah Jazz","Los Angeles Lakers",139,116
"Los Angeles Clippers","Cleveland Cavaliers",119,117
"Orlando Magic","Dallas Mavericks",94,87
"Portland Trail Blazers","Charlotte Hornets",105,95
"Denver Nuggets","Indiana Pacers",122,119
"Utah Jazz","Atlanta Hawks",125,119
"Boston Celtics","Detroit Pistons",128,112
"Brooklyn Nets","New York Knicks",112,85
"Toronto Raptors","Houston Rockets",116,109
"New Orleans Pelicans","Chicago Bulls",115,111
"Phoenix Suns","Minnesota Timberwolves",129,117
"Milwaukee Bucks","Oklahoma City Thunder",136,132
"Memphis Grizzlies","San Antonio Spurs",124,122
"Los Angeles Clippers","Los Angeles Lakers",114,101
"Sacramento Kings","Cleveland Cavaliers",127,120
"Washington Wizards","Dallas Mavericks",113,105
"Atlanta Hawks","Philadelphia 76ers",104,95
"Miami Heat","Charlotte Hornets",117,112
"Portland Trail Blazers","New Orleans Pelicans",106,95
"Boston Celtics","Denver Nuggets",131,112
"Orlando Magic","Phoenix Suns",114,97
"New York Knicks","Detroit Pistons",121,112
"Oklahoma City Thunder","Toronto Raptors",132,113
"San Antonio Spurs","Milwaukee Bucks",111,93
"Memphis Grizzlies","Minnesota Timberwolves",114,103
"Golden State Warriors","Cleveland Cavaliers",106,101
"Sacramento Kings","Los Angeles Lakers",120,114
"Brooklyn Nets","Los Angeles Clippers",110,95
"Washington Wizards","Utah Jazz",121,112
"Boston Celtics","Detroit Pistons",117,108
"Indiana Pacers","Toronto Raptors",118,104
"Philadelphia 76ers","Atlanta Hawks",121,109
"Miami Heat","Charlotte Hornets",132,115
"Dallas Mavericks","Portland Trail Blazers",117,112
"New Orleans Pelicans","Houston Rockets",119,106
"Oklahoma City Thunder","New York Knicks",145,135
"Minnesota Timberwolves","Cleveland Cavaliers",129,124
"Washington Wizards","Memphis Grizzlies",102,92
"Philadelphia 76ers","Utah Jazz",105,98
"Denver Nuggets","Chicago Bulls",126,103
"Sacramento Kings","Golden State Warriors",122,115
"Los Angeles Lakers","Brooklyn Nets",116,103
"Toronto Raptors","Detroit Pistons",115,111
"Charlotte Hornets","Orlando Magic",112,105
"Boston Celtics","Oklahoma City Thunder",126,122
"Miami Heat","Phoenix Suns",113,112
"Los Angeles Clippers","Houston Rockets",122,106
"Atlanta Hawks","Milwaukee Bucks",121,106
"Golden State Warriors","San Antonio Spurs",132,95
"New Orleans Pelicans","Memphis Grizzlies",113,102
"Dallas Mavericks","Los Angeles Clippers",103,101
"New York Knicks","Utah Jazz",118,111
"Portland Trail Blazers","San Antonio Spurs",117,110
"Sacramento Kings","Brooklyn Nets",153,121
"Indiana Pacers","Charlotte Hornets",125,113
"Minnesota Timberwolves","Orlando Magic",126,108
"Oklahoma City Thunder","Washington Wizards",121,120
"Boston Celtics","Atlanta Hawks",126,101
"Toronto Raptors","Miami Heat",112,104
"Milwaukee Bucks","Cleveland Cavaliers",113,98
"New Orleans Pelicans","Chicago Bulls",124,110
"Houston Rockets","Dallas Mavericks",101,92
"New York Knicks","Denver Nuggets",106,103
"Phoenix Suns","Golden State Warriors",130,119
"Brooklyn Nets","Portland Trail Blazers",109,107
"Sacramento Kings","San Antonio Spurs",130,112
"Los Angeles Clippers","Detroit Pistons",96,91
"Washington Wizards","Miami Heat",107,106
"Cleveland Cavaliers","Charlotte Hornets",132,122
"Philadelphia 76ers","Milwaukee Bucks",110,102
"Orlando Magic","Chicago Bulls",108,107
"Indiana Pacers","Houston Rockets",99,91
"Memphis Grizzlies","Oklahoma City Thunder",121,110
"Dallas Mavericks","Denver Nuggets",127,99
"Boston Celtics","New Orleans Pelicans",117,109
"Utah Jazz","Phoenix Suns",134,133
"Golden State Warriors","New York Knicks",111,101
"Los Angeles Lakers","Detroit Pistons",128,121
"Atlanta Hawks","Toronto Raptors",124,122
"Indiana Pacers","Orlando Magic",114,113
"Minnesota Timberwolves","Philadelphia 76ers",112,109
"Utah Jazz","Portland Trail Blazers",118,113
"Los Angeles Clippers","San Antonio Spurs",119,97
"Phoenix Suns","New York Knicks",116,95
"Sacramento Kings","Detroit Pistons",137,129
"Washington Wizards","Charlotte Hornets",106,102
"Brooklyn Nets","Memphis Grizzlies",127,115
"Cleveland Cavaliers","Miami Heat",113,87
"Golden State Warriors","Houston Rockets",127,120
"Denver Nuggets","Dallas Mavericks",98,97
"Los Angeles Lakers","San Antonio Spurs",123,92
"Cleveland Cavaliers","Atlanta Hawks",114,102
"Indiana Pacers","Orlando Magic",123,102
"Chicago Bulls","Boston Celtics",121,107
"Milwaukee Bucks","Portland Trail Blazers",119,111
"Minnesota Timberwolves","Miami Heat",105,101
"New Orleans Pelicans","Golden State Warriors",128,83
"New York Knicks","Oklahoma City Thunder",129,119
"Los Angeles Clippers","Utah Jazz",121,114
"Philadelphia 76ers","Brooklyn Nets",115,106
"Sacramento Kings","Memphis Grizzlies",113,109
"Detroit Pistons","Denver Nuggets",110,108
"Phoenix Suns","Los Angeles Lakers",115,105
"Charlotte Hornets","Philadelphia 76ers",107,101
"Cleveland Cavaliers","Portland Trail Blazers",114,96
"Minnesota Timberwolves","Indiana Pacers",115,101
"Atlanta Hawks","Sacramento Kings",115,106
"Boston Celtics","Dallas Mavericks",125,112
"Miami Heat","Washington Wizards",113,105
"Brooklyn Nets","Toronto Raptors",112,98
"Chicago Bulls","Milwaukee Bucks",118,113
"Denver Nuggets","Oklahoma City Thunder",131,126
"New Orleans Pelicans","San Antonio Spurs",129,110
"Detroit Pistons","Utah Jazz",125,116
"Golden State Warriors","Los Angeles Clippers",124,107
"Charlotte Hornets","Minnesota Timberwolves",110,108
"Philadelphia 76ers","Orlando Magic",107,99
"Portland Trail Blazers","New York Knicks",132,129
"Boston Celtics","Sacramento Kings",122,104
"Houston Rockets","Atlanta Hawks",128,122
"Indiana Pacers","Brooklyn Nets",128,117
"Memphis Grizzlies","New Orleans Pelicans",132,111
"Miami Heat","Washington Wizards",110,107
"Milwaukee Bucks","Cleveland Cavaliers",117,102
"Oklahoma City Thunder","Chicago Bulls",123,119
"Los Angeles Lakers","San Antonio Spurs",105,94
"Phoenix Suns","Detroit Pistons",108,102
"Golden State Warriors","Utah Jazz",129,118
"Denver Nuggets","Los Angeles Clippers",114,104
"Toronto Raptors","Dallas Mavericks",105,100
"Houston Rockets","Oklahoma City Thunder",118,105
"Los Angeles Lakers","San Antonio Spurs",143,138
"Phoenix Suns","Utah Jazz",113,112
"Brooklyn Nets","Portland Trail Blazers",111,97
"Golden State Warriors","Minnesota Timberwolves",137,114
"Los Angeles Clippers","Indiana Pacers",114,100
"Miami Heat","Atlanta Hawks",106,98
"Boston Celtics","Washington Wizards",130,121
"Cleveland Cavaliers","Detroit Pistons",102,94
"Memphis Grizzlies","New York Knicks",127,123
"Philadelphia 76ers","Orlando Magic",133,103
"Milwaukee Bucks","Dallas Mavericks",124,115
"Philadelphia 76ers","Atlanta Hawks",104,101
"Washington Wizards","Minnesota Timberwolves",142,127
"Boston Celtics","Charlotte Hornets",140,105
"Brooklyn Nets","Orlando Magic",109,102
"Toronto Raptors","Cleveland Cavaliers",100,88
"New Orleans Pelicans","Oklahoma City Thunder",105,101
"Denver Nuggets","Houston Rockets",129,113
"Chicago Bulls","Utah Jazz",114,107
"Phoenix Suns","Sacramento Kings",122,117
"Indiana Pacers","Los Angeles Lakers",116,115
"New York Knicks","Detroit Pistons",140,110
"Dallas Mavericks","Golden State Warriors",116,113
"Los Angeles Clippers","Portland Trail Blazers",118,112
"Cleveland Cavaliers","Philadelphia 76ers",113,85
"Atlanta Hawks","Orlando Magic",125,108
"Boston Celtics","Miami Heat",134,121
"Brooklyn Nets","Washington Wizards",113,107
"Milwaukee Bucks","New York Knicks",109,103
"Minnesota Timberwolves","Memphis Grizzlies",109,101
"New Orleans Pelicans","Toronto Raptors",126,108
"Oklahoma City Thunder","San Antonio Spurs",119,111
"Denver Nuggets","Houston Rockets",120,100
"Phoenix Suns","Chicago Bulls",132,113
"Utah Jazz","Los Angeles Clippers",125,112
"Sacramento Kings","Indiana Pacers",137,114
"Los Angeles Lakers","Portland Trail Blazers",128,109
"Detroit Pistons","Dallas Mavericks",131,125
"Charlotte Hornets","Washington Wizards",117,116
"Atlanta Hawks","Denver Nuggets",117,109
"Miami Heat","Boston Celtics",120,116
"Brooklyn Nets","Toronto Raptors",114,105
"Cleveland Cavaliers","Orlando Magic",107,96
"Los Angeles Lakers","Milwaukee Bucks",133,129
"Memphis Grizzlies","Philadelphia 76ers",117,109
"New Orleans Pelicans","San Antonio Spurs",117,99
"Houston Rockets","Phoenix Suns",122,121
"Utah Jazz","Indiana Pacers",139,119
"Golden State Warriors","Chicago Bulls",119,111
"Dallas Mavericks","New York Knicks",121,100
"Sacramento Kings","Los Angeles Clippers",123,96
"Milwaukee Bucks","Charlotte Hornets",105,96
"Oklahoma City Thunder","Minnesota Timberwolves",135,128
"Toronto Raptors","Orlando Magic",121,108
"Golden State Warriors","Houston Rockets",120,101
"Portland Trail Blazers","Utah Jazz",116,111
"New Orleans Pelicans","Denver Nuggets",121,106
"Phoenix Suns","San Antonio Spurs",133,95
"Boston Celtics","Brooklyn Nets",103,92
"Memphis Grizzlies","Detroit Pistons",122,112
"New York Knicks","Cleveland Cavaliers",92,81
"Sacramento Kings","Chicago Bulls",110,101
"Los Angeles Lakers","Washington Wizards",130,119
"Portland Trail Blazers","Indiana Pacers",116,100
"Los Angeles Clippers","Charlotte Hornets",119,117
"Milwaukee Bucks","Orlando Magic",109,102
"Oklahoma City Thunder","Atlanta Hawks",121,114
"Boston Celtics","Toronto Raptors",116,110
"Houston Rockets","Philadelphia 76ers",132,123
"Memphis Grizzlies","Miami Heat",101,93
"Dallas Mavericks","Phoenix Suns",130,111
"Indiana Pacers","Golden State Warriors",112,104
"Cleveland Cavaliers","Los Angeles Lakers",116,102
"Detroit Pistons","Miami Heat",116,96
"Dallas Mavericks","Denver Nuggets",116,115
"Orlando Magic","Los Angeles Clippers",116,111
"Brooklyn Nets","Charlotte Hornets",122,116
"New York Knicks","Atlanta Hawks",113,89
"Toronto Raptors","Los Angeles Lakers",126,113
"Chicago Bulls","Washington Wizards",115,111
"Memphis Grizzlies","Oklahoma City Thunder",123,102
"Milwaukee Bucks","Sacramento Kings",126,113
"Minnesota Timberwolves","Indiana Pacers",121,115
"New Orleans Pelicans","Detroit Pistons",104,98
"Utah Jazz","Golden State Warriors",124,123
"Boston Celtics","Phoenix Suns",125,98
"Miami Heat","Los Angeles Clippers",115,110
"San Antonio Spurs","Houston Rockets",118,109
"Denver Nuggets","Portland Trail Blazers",121,120
"New York Knicks","Charlotte Hornets",121,102
"Indiana Pacers","Washington Wizards",121,111
"Orlando Magic","Toronto Raptors",113,109
"Brooklyn Nets","Atlanta Hawks",120,116
"Sacramento Kings","Cleveland Cavaliers",106,95
"Philadelphia 76ers","Los Angeles Lakers",133,122
"Memphis Grizzlies","Detroit Pistons",114,103
"New Orleans Pelicans","Phoenix Suns",128,117
"Minnesota Timberwolves","Utah Jazz",118,108
"Milwaukee Bucks","Dallas Mavericks",106,105
"San Antonio Spurs","Miami Heat",115,111
"Brooklyn Nets","Indiana Pacers",136,133
"Los Angeles Clippers","Washington Wizards",114,107
"Cleveland Cavaliers","Oklahoma City Thunder",110,102
"Chicago Bulls","Dallas Mavericks",144,115
"Golden State Warriors","Boston Celtics",123,107
"Denver Nuggets","Utah Jazz",115,110
"Portland Trail Blazers","Minnesota Timberwolves",124,118
"New Orleans Pelicans","Phoenix Suns",129,124
"Los Angeles Lakers","Detroit Pistons",124,117
"New York Knicks","Sacramento Kings",112,99
"Orlando Magic","Toronto Raptors",111,99
"Philadelphia 76ers","Charlotte Hornets",131,113
"Atlanta Hawks","Chicago Bulls",123,122
"Houston Rockets","Milwaukee Bucks",97,92
"Miami Heat","Indiana Pacers",87,82
"Brooklyn Nets","Washington Wizards",112,100
"Memphis Grizzlies","Atlanta Hawks",128,103
"Dallas Mavericks","Oklahoma City Thunder",121,114
"San Antonio Spurs","Cleveland Cavaliers",112,111
"Portland Trail Blazers","Minnesota Timberwolves",133,112
"Los Angeles Clippers","Boston Celtics",113,93
"Philadelphia 76ers","Sacramento Kings",123,103
"Milwaukee Bucks","Golden State Warriors",128,111
"Houston Rockets","Phoenix Suns",111,97
"Utah Jazz","New Orleans Pelicans",121,100
"Boston Celtics","Los Angeles Lakers",122,118
"Detroit Pistons","Charlotte Hornets",141,134
"Indiana Pacers","Golden State Warriors",125,119
"Orlando Magic","Atlanta Hawks",135,124
"New York Knicks","Chicago Bulls",128,120
"Sacramento Kings","Toronto Raptors",124,123
"Miami Heat","Oklahoma City Thunder",110,108
"Portland Trail Blazers","San Antonio Spurs",128,112
"Cleveland Cavaliers","Dallas Mavericks",105,90
"Denver Nuggets","Washington Wizards",141,128
"Los Angeles Clippers","Minnesota Timberwolves",99,88
"Miami Heat","Houston Rockets",111,108
"Memphis Grizzlies","Milwaukee Bucks",142,101
"Utah Jazz","New Orleans Pelicans",132,129
"Phoenix Suns","Los Angeles Clippers",111,95
"Atlanta Hawks","Charlotte Hornets",125,106
"Sacramento Kings","Detroit Pistons",122,113
"Orlando Magic","Boston Celtics",117,109
"Cleveland Cavaliers","Indiana Pacers",118,112
"Philadelphia 76ers","Golden State Warriors",118,106
"Brooklyn Nets","Toronto Raptors",119,116
"New York Knicks","Chicago Bulls",114,91
"Minnesota Timberwolves","Oklahoma City Thunder",112,110
"Dallas Mavericks","Portland Trail Blazers",130,110
"Los Angeles Lakers","Denver Nuggets",126,108
"Los Angeles Clippers","Washington Wizards",102,93
"Miami Heat","San Antonio Spurs",111,101
"Cleveland Cavaliers","Dallas Mavericks",100,99
"Portland Trail Blazers","Houston Rockets",107,95
"Milwaukee Bucks","Utah Jazz",123,97
"Oklahoma City Thunder","Memphis Grizzlies",115,109
"Phoenix Suns","New Orleans Pelicans",118,114
"Orlando Magic","Boston Celtics",95,92
"New York Knicks","Indiana Pacers",109,106
"Brooklyn Nets","Detroit Pistons",124,121
"Golden State Warriors","Toronto Raptors",126,110
"Minnesota Timberwolves","Chicago Bulls",150,126
"Denver Nuggets","Charlotte Hornets",119,115
"Los Angeles Lakers","Washington Wizards",119,117
"Cleveland Cavaliers","Utah Jazz",122,99
"Philadelphia 76ers","Toronto Raptors",104,101
"Atlanta Hawks","Orlando Magic",126,125
"San Antonio Spurs","Houston Rockets",124,105
"Minnesota Timberwolves","Dallas Mavericks",116,106
"Milwaukee Bucks","New Orleans Pelicans",128,119
"Oklahoma City Thunder","Portland Trail Blazers",123,121
"Phoenix Suns","Los Angeles Lakers",130,104
"Charlotte Hornets","Sacramento Kings",125,119
"Utah Jazz","Detroit Pistons",126,111
"Chicago Bulls","Miami Heat",113,103
"New York Knicks","Golden State Warriors",132,94
"Washington Wizards","Phoenix Suns",113,110
"Denver Nuggets","Memphis Grizzlies",105,91
"Cleveland Cavaliers","Milwaukee Bucks",114,106
"Philadelphia 76ers","Detroit Pistons",113,93
"Chicago Bulls","Atlanta Hawks",110,108
"Indiana Pacers","Boston Celtics",117,112
"Brooklyn Nets","Golden State Warriors",143,113
"Toronto Raptors","New York Knicks",113,106
"Orlando Magic","Houston Rockets",116,110
"Dallas Mavericks","Minnesota Timberwolves",104,99
"Oklahoma City Thunder","Portland Trail Blazers",101,98
"Sacramento Kings","Los Angeles Lakers",134,120
"Los Angeles Clippers","Charlotte Hornets",126,105
"New Orleans Pelicans","San Antonio Spurs",126,117
"Utah Jazz","Washington Wizards",120,112
"Orlando Magic","San Antonio Spurs",133,113
"Philadelphia 76ers","Los Angeles Clippers",119,114
"Atlanta Hawks","Detroit Pistons",130,105
"Boston Celtics","Minnesota Timberwolves",121,109
"Brooklyn Nets","Milwaukee Bucks",118,100
"Toronto Raptors","Cleveland Cavaliers",118,107
"Chicago Bulls","New York Knicks",118,117
"Dallas Mavericks","Houston Rockets",112,106
"Indiana Pacers","Miami Heat",111,108
"New Orleans Pelicans","Oklahoma City Thunder",128,125
"Denver Nuggets","Portland Trail Blazers",120,107
"Memphis Grizzlies","Phoenix Suns",125,100
"Washington Wizards","Sacramento Kings",125,111
"Charlotte Hornets","Los Angeles Lakers",134,130
"Philadelphia 76ers","New York Knicks",119,112
"Dallas Mavericks","Los Angeles Lakers",124,115
"Boston Celtics","Milwaukee Bucks",139,118
"Golden State Warriors","Memphis Grizzlies",123,109
"Denver Nuggets","Phoenix Suns",128,125
"Brooklyn Nets","Cleveland Cavaliers",125,117
"Los Angeles Clippers","Detroit Pistons",142,131
"Miami Heat","Minnesota Timberwolves",113,110
"Houston Rockets","Chicago Bulls",133,118
"New Orleans Pelicans","Indiana Pacers",113,93
"San Antonio Spurs","Utah Jazz",126,122
"Portland Trail Blazers","Charlotte Hornets",124,113
"Los Angeles Lakers","Orlando Magic",129,110
"Washington Wizards","Philadelphia 76ers",116,111
"Boston Celtics","Houston Rockets",126,102
"Indiana Pacers","Atlanta Hawks",129,114
"Los Angeles Clippers","Toronto Raptors",124,113
"Phoenix Suns","Memphis Grizzlies",125,108
"Oklahoma City Thunder","San Antonio Spurs",130,114
"Dallas Mavericks","New York Knicks",126,121
"Golden State Warriors","Charlotte Hornets",110,105
"Denver Nuggets","Sacramento Kings",113,106
"Detroit Pistons","Orlando Magic",121,101
"Washington Wizards","Phoenix Suns",127,102
"Brooklyn Nets","Atlanta Hawks",108,107
"Miami Heat","Los Angeles Lakers",112,98
"Chicago Bulls","Milwaukee Bucks",119,113
"New Orleans Pelicans","Minnesota Timberwolves",119,118
"Golden State Warriors","Utah Jazz",112,107
"Sacramento Kings","Denver Nuggets",127,126
"Charlotte Hornets","Oklahoma City Thunder",121,113
"Indiana Pacers","Cleveland Cavaliers",135,126
"Boston Celtics","Los Angeles Clippers",116,110
"Memphis Grizzlies","Toronto Raptors",119,106
"San Antonio Spurs","New York Knicks",122,115
"Dallas Mavericks","Houston Rockets",129,114
"Washington Wizards","Orlando Magic",119,100
"Los Angeles Lakers","Atlanta Hawks",130,121
"Toronto Raptors","Phoenix Suns",113,104
"Chicago Bulls","Detroit Pistons",132,118
"Milwaukee Bucks","Minnesota Timberwolves",123,114
"New Orleans Pelicans","Philadelphia 76ers",127,116
"Denver Nuggets","Miami Heat",124,119
"Golden State Warriors","Portland Trail Blazers",118,112
"Sacramento Kings","Utah Jazz",126,125
"Indiana Pacers","Los Angeles Clippers",131,130
"Cleveland Cavaliers","Chicago Bulls",103,102
"Brooklyn Nets","Charlotte Hornets",123,106
"New York Knicks","Houston Rockets",108,88
"Dallas Mavericks","San Antonio Spurs",126,125
"Memphis Grizzlies","New Orleans Pelicans",116,101
"Detroit Pistons","Minnesota Timberwolves",116,104
"Philadelphia 76ers","Oklahoma City Thunder",115,96
"Miami Heat","Utah Jazz",126,123
"Denver Nuggets","Boston Celtics",123,111
"Memphis Grizzlies","Sacramento Kings",118,108
"Washington Wizards","Milwaukee Bucks",118,95
"New York Knicks","Phoenix Suns",102,83
"Los Angeles Lakers","Charlotte Hornets",121,115
"Cleveland Cavaliers","Chicago Bulls",145,134
"Indiana Pacers","Toronto Raptors",122,114
"Philadelphia 76ers","New Orleans Pelicans",120,111
"Brooklyn Nets","San Antonio Spurs",139,103
"Dallas Mavericks","Houston Rockets",111,106
"Minnesota Timberwolves","Denver Nuggets",124,111
"Golden State Warriors","Atlanta Hawks",143,141
"Portland Trail Blazers","Detroit Pistons",135,106
"Miami Heat","Los Angeles Clippers",110,100
"Milwaukee Bucks","Washington Wizards",123,113
"Oklahoma City Thunder","Boston Celtics",150,117
"Sacramento Kings","Utah Jazz",117,115
"Memphis Grizzlies","Charlotte Hornets",131,107
"Cleveland Cavaliers","Phoenix Suns",90,88
"Orlando Magic","Oklahoma City Thunder",126,115
"Philadelphia 76ers","Indiana Pacers",129,126
"New York Knicks","San Antonio Spurs",117,114
"Milwaukee Bucks","Toronto Raptors",104,101
"Chicago Bulls","Brooklyn Nets",121,112
"Minnesota Timberwolves","Portland Trail Blazers",113,106
"New Orleans Pelicans","Houston Rockets",119,108
"Detroit Pistons","Golden State Warriors",122,119
"Los Angeles Lakers","Miami Heat",112,109
"Atlanta Hawks","Sacramento Kings",120,117
"Memphis Grizzlies","Orlando Magic",123,115
"Boston Celtics","Dallas Mavericks",124,95
"Utah Jazz","Houston Rockets",131,114
"Denver Nuggets","Los Angeles Clippers",122,91
"Indiana Pacers","Portland Trail Blazers",108,99
"Chicago Bulls","Philadelphia 76ers",126,112
"Brooklyn Nets","New Orleans Pelicans",108,102
"New York Knicks","Toronto Raptors",112,108
"Charlotte Hornets","Milwaukee Bucks",138,109
"Oklahoma City Thunder","Washington Wizards",127,110
"San Antonio Spurs","Detroit Pistons",121,109
"Denver Nuggets","Cleveland Cavaliers",121,108
"Minnesota Timberwolves","Los Angeles Clippers",128,115
"Miami Heat","Phoenix Suns",104,96
"Los Angeles Lakers","Atlanta Hawks",130,114
"Boston Celtics","San Antonio Spurs",121,116
"Chicago Bulls","Utah Jazz",126,118
"Dallas Mavericks","New Orleans Pelicans",127,117
"Orlando Magic","Golden State Warriors",115,101
"Los Angeles Lakers","Sacramento Kings",136,134
"Philadelphia 76ers","Detroit Pistons",123,111
"Toronto Raptors","Portland Trail Blazers",117,105
"Indiana Pacers","Charlotte Hornets",116,111
"Memphis Grizzlies","Utah Jazz",123,118
"Brooklyn Nets","Miami Heat",102,101
"Minnesota Timberwolves","Houston Rockets",104,96
"Oklahoma City Thunder","Dallas Mavericks",120,109
"Cleveland Cavaliers","Phoenix Suns",112,98
"Atlanta Hawks","Los Angeles Clippers",112,108
"New Orleans Pelicans","Washington Wizards",132,112
"Boston Celtics","Chicago Bulls",107,99
"Milwaukee Bucks","New York Knicks",111,107
"Memphis Grizzlies","San Antonio Spurs",121,113
"Denver Nuggets","Los Angeles Lakers",122,109
"Sacramento Kings","Orlando Magic",136,111
"Philadelphia 76ers","Detroit Pistons",147,116
"Miami Heat","Oklahoma City Thunder",112,111
"Toronto Raptors","Charlotte Hornets",132,120
"Utah Jazz","Cleveland Cavaliers",116,114
"Phoenix Suns","Golden State Warriors",125,113
"Orlando Magic","Portland Trail Blazers",109,106
"Los Angeles Clippers","Dallas Mavericks",113,101
"Detroit Pistons","Minnesota Timberwolves",135,118
"Washington Wizards","Chicago Bulls",100,97
"Milwaukee Bucks","Atlanta Hawks",114,105
"Boston Celtics","New Orleans Pelicans",125,114
"New York Knicks","Indiana Pacers",119,113
"Memphis Grizzlies","San Antonio Spurs",135,129
"Denver Nuggets","Phoenix Suns",126,97
"Sacramento Kings","Houston Rockets",135,115
"Oklahoma City Thunder","Philadelphia 76ers",133,114
"Boston Celtics","Brooklyn Nets",109,98
"Miami Heat","Milwaukee Bucks",108,102
"Toronto Raptors","Charlotte Hornets",124,114
"Dallas Mavericks","Los Angeles Lakers",119,115
"Cleveland Cavaliers","Portland Trail Blazers",119,113
"New Orleans Pelicans","Detroit Pistons",116,110
"Atlanta Hawks","Indiana Pacers",113,111
"New York Knicks","Washington Wizards",112,108
"Golden State Warriors","San Antonio Spurs",144,113
"Oklahoma City Thunder","Chicago Bulls",124,110
"Minnesota Timberwolves","Phoenix Suns",121,116
"Utah Jazz","Orlando Magic",112,108
"Denver Nuggets","Los Angeles Clippers",115,103
"Sacramento Kings","Houston Rockets",139,114
"Miami Heat","Milwaukee Bucks",111,95
"Boston Celtics","Charlotte Hornets",122,106
"Memphis Grizzlies","Indiana Pacers",130,112
"Atlanta Hawks","Toronto Raptors",114,103
"Minnesota Timberwolves","Cleveland Cavaliers",110,102
"Philadelphia 76ers","Utah Jazz",118,117
"Portland Trail Blazers","Dallas Mavericks",136,119
"New York Knicks","Detroit Pistons",117,104
"Los Angeles Clippers","Houston Rockets",121,100
"Chicago Bulls","Golden State Warriors",132,118
"Oklahoma City Thunder","Brooklyn Nets",112,102
"Sacramento Kings","San Antonio Spurs",132,119
"Denver Nuggets","Orlando Magic",119,116
"Portland Trail Blazers","Dallas Mavericks",140,123
"Philadelphia 76ers","Los Angeles Lakers",113,112
"Boston Celtics","Charlotte Hornets",130,118
"Milwaukee Bucks","Indiana Pacers",132,119
"Cleveland Cavaliers","New Orleans Pelicans",113,103
"Toronto Raptors","New York Knicks",123,121
"Golden State Warriors","Washington Wizards",127,118
"Atlanta Hawks","Miami Heat",121,113
"Utah Jazz","Minnesota Timberwolves",126,125
"Memphis Grizzlies","Phoenix Suns",136,106
"Los Angeles Lakers","Houston Rockets",140,132
"Milwaukee Bucks","Toronto Raptors",130,122
"San Antonio Spurs","Brooklyn Nets",106,98
"Denver Nuggets","Portland Trail Blazers",122,113
"Philadelphia 76ers","Los Angeles Clippers",120,110
"Atlanta Hawks","Dallas Mavericks",130,122
"Washington Wizards","New York Knicks",116,105
"Charlotte Hornets","Houston Rockets",122,117
"Memphis Grizzlies","Cleveland Cavaliers",115,114
"Miami Heat","New Orleans Pelicans",124,98
"Oklahoma City Thunder","Indiana Pacers",126,106
"Utah Jazz","Los Angeles Clippers",126,103
"Denver Nuggets","Minnesota Timberwolves",122,118
"Sacramento Kings","Los Angeles Lakers",116,111
"Chicago Bulls","Detroit Pistons",126,108
"Boston Celtics","Golden State Warriors",121,118
"Minnesota Timberwolves","Toronto Raptors",128,126
"Phoenix Suns","Brooklyn Nets",117,112
"Philadelphia 76ers","Portland Trail Blazers",105,95
"Orlando Magic","New Orleans Pelicans",123,110
"Atlanta Hawks","New York Knicks",139,124
"Golden State Warriors","Cleveland Cavaliers",120,114
"Dallas Mavericks","Miami Heat",115,90
"Los Angeles Clippers","San Antonio Spurs",131,126
"Denver Nuggets","Indiana Pacers",134,111
"Brooklyn Nets","Utah Jazz",117,106
"Los Angeles Lakers","Memphis Grizzlies",122,121
"Sacramento Kings","Oklahoma City Thunder",118,113
"Boston Celtics","Toronto Raptors",106,104
"Washington Wizards","Orlando Magic",138,118
"Charlotte Hornets","Atlanta Hawks",122,118
"Cleveland Cavaliers","Milwaukee Bucks",114,102
"Minnesota Timberwolves","Houston Rockets",113,104
"Phoenix Suns","Indiana Pacers",112,107
"Philadelphia 76ers","Sacramento Kings",129,127
"Los Angeles Clippers","Dallas Mavericks",112,98
"Miami Heat","New Orleans Pelicans",100,96
"Toronto Raptors","New York Knicks",125,116
"Oklahoma City Thunder","Denver Nuggets",101,99
"Phoenix Suns","Memphis Grizzlies",112,110
"Brooklyn Nets","Golden State Warriors",120,116
"Los Angeles Lakers","Portland Trail Blazers",121,112
"Milwaukee Bucks","Detroit Pistons",150,130
"Orlando Magic","Boston Celtics",113,98
"Chicago Bulls","Atlanta Hawks",111,100
"Houston Rockets","Minnesota Timberwolves",119,114
"Utah Jazz","Charlotte Hornets",120,102
"Portland Trail Blazers","San Antonio Spurs",147,127
"Sacramento Kings","Memphis Grizzlies",133,100
"Indiana Pacers","Chicago Bulls",116,110
"Miami Heat","Boston Celtics",98,95
"New York Knicks","Cleveland Cavaliers",105,103
"Denver Nuggets","New Orleans Pelicans",99,98
"Washington Wizards","Dallas Mavericks",127,126
"Phoenix Suns","Charlotte Hornets",128,97
"Los Angeles Clippers","Los Angeles Lakers",133,115
"Orlando Magic","Indiana Pacers",126,120
"Philadelphia 76ers","Brooklyn Nets",137,133
"Washington Wizards","Houston Rockets",108,103
"Milwaukee Bucks","Denver Nuggets",107,99
"Minnesota Timberwolves","New Orleans Pelicans",111,102
"Atlanta Hawks","Oklahoma City Thunder",137,132
"Golden State Warriors","Memphis Grizzlies",122,120
"Portland Trail Blazers","Utah Jazz",134,124
"Toronto Raptors","Sacramento Kings",113,95
"Los Angeles Lakers","San Antonio Spurs",113,104
"New York Knicks","Boston Celtics",120,117
"Detroit Pistons","Brooklyn Nets",130,122
"Charlotte Hornets","Chicago Bulls",111,96
"Cleveland Cavaliers","Houston Rockets",113,95
"Dallas Mavericks","Phoenix Suns",99,95
"Los Angeles Clippers","San Antonio Spurs",138,100
"Milwaukee Bucks","Indiana Pacers",141,131
"Minnesota Timberwolves","Memphis Grizzlies",111,100
"Miami Heat","Orlando Magic",110,105
"Oklahoma City Thunder","Cleveland Cavaliers",112,100
"Golden State Warriors","Toronto Raptors",129,117
"Philadelphia 76ers","Denver Nuggets",126,119
"Brooklyn Nets","New York Knicks",122,115
"Houston Rockets","Detroit Pistons",117,114
"Chicago Bulls","Orlando Magic",128,109
"Los Angeles Clippers","Atlanta Hawks",120,113
"Minnesota Timberwolves","Sacramento Kings",117,110
"Washington Wizards","New Orleans Pelicans",113,103
"Phoenix Suns","San Antonio Spurs",128,118
"Boston Celtics","Los Angeles Lakers",125,121
"Utah Jazz","Dallas Mavericks",108,100
"Toronto Raptors","Portland Trail Blazers",123,105
"Charlotte Hornets","Miami Heat",122,117
"Memphis Grizzlies","Indiana Pacers",112,100
"Cleveland Cavaliers","Los Angeles Clippers",122,99
"Milwaukee Bucks","New Orleans Pelicans",135,110
"Orlando Magic","Philadelphia 76ers",119,109
"Brooklyn Nets","Los Angeles Lakers",121,104
"Sacramento Kings","Minnesota Timberwolves",118,111
"Golden State Warriors","Oklahoma City Thunder",128,120
"Washington Wizards","San Antonio Spurs",127,106
"Dallas Mavericks","Detroit Pistons",111,105
"Phoenix Suns","Toronto Raptors",114,106
"Portland Trail Blazers","Atlanta Hawks",129,125
"Miami Heat","Cleveland Cavaliers",100,97
"Los Angeles Lakers","New York Knicks",129,123
"Los Angeles Clippers","Chicago Bulls",108,103
"Milwaukee Bucks","Charlotte Hornets",124,115
"Denver Nuggets","New Orleans Pelicans",122,113
"Portland Trail Blazers","Memphis Grizzlies",122,112
"Philadelphia 76ers","Orlando Magic",105,94
"Boston Celtics","Brooklyn Nets",139,96
"Houston Rockets","Oklahoma City Thunder",112,106
"Minnesota Timberwolves","Golden State Warriors",119,114
"Sacramento Kings","San Antonio Spurs",119,109
"Utah Jazz","Toronto Raptors",131,128
"Atlanta Hawks","Phoenix Suns",132,100
"Los Angeles Lakers","Indiana Pacers",112,111
"Cleveland Cavaliers","Memphis Grizzlies",128,113
"New York Knicks","Miami Heat",106,104
"Chicago Bulls","Charlotte Hornets",114,98
"Dallas Mavericks","New Orleans Pelicans",111,106
"Denver Nuggets","Golden State Warriors",134,117
"Milwaukee Bucks","Los Angeles Clippers",106,105
"Detroit Pistons","Charlotte Hornets",118,112
"Indiana Pacers","Sacramento Kings",107,104
"Portland Trail Blazers","Washington Wizards",124,116
"Phoenix Suns","Boston Celtics",106,94
"Toronto Raptors","Houston Rockets",117,111
"Orlando Magic","Minnesota Timberwolves",127,120
"Philadelphia 76ers","San Antonio Spurs",137,125
"Atlanta Hawks","Utah Jazz",115,108
"Brooklyn Nets","Washington Wizards",125,123
"New Orleans Pelicans","Los Angeles Lakers",131,126
"Phoenix Suns","Detroit Pistons",116,100
"Los Angeles Clippers","New York Knicks",134,128
"Chicago Bulls","Portland Trail Blazers",129,121
"Milwaukee Bucks","Miami Heat",123,115
"Oklahoma City Thunder","Houston Rockets",153,121
"Golden State Warriors","Dallas Mavericks",119,113
"Denver Nuggets","Atlanta Hawks",128,108
"Orlando Magic","Charlotte Hornets",119,113
"Cleveland Cavaliers","Indiana Pacers",122,103
"Toronto Raptors","Memphis Grizzlies",106,103
"New York Knicks","Philadelphia 76ers",108,97
"Minnesota Timberwolves","Denver Nuggets",128,98
"New Orleans Pelicans","Sacramento Kings",136,104
"Boston Celtics","Detroit Pistons",111,99
"Cleveland Cavaliers","Washington Wizards",114,91
"Los Angeles Clippers","Brooklyn Nets",124,116
"Chicago Bulls","San Antonio Spurs",128,104
"Sacramento Kings","Houston Rockets",140,120
"Dallas Mavericks","Utah Jazz",124,111
"Golden State Warriors","Oklahoma City Thunder",141,114
"Milwaukee Bucks","Portland Trail Blazers",127,108
"New York Knicks","Orlando Magic",102,98
"Phoenix Suns","Brooklyn Nets",116,112
"New Orleans Pelicans","Atlanta Hawks",116,107
"Memphis Grizzlies","Chicago Bulls",104,89
"Denver Nuggets","Minnesota Timberwolves",146,112
"Oklahoma City Thunder","Los Angeles Lakers",133,130
"Cleveland Cavaliers","Detroit Pistons",113,85
"Washington Wizards","Charlotte Hornets",118,104
"Boston Celtics","Philadelphia 76ers",106,99
"Miami Heat","Indiana Pacers",116,111
"Toronto Raptors","San Antonio Spurs",112,98
"Sacramento Kings","Houston Rockets",130,128
"Minnesota Timberwolves","Utah Jazz",143,118
"Dallas Mavericks","Los Angeles Clippers",110,104
"Portland Trail Blazers","Golden State Warriors",125,122
"Orlando Magic","Denver Nuggets",115,104
"Atlanta Hawks","Phoenix Suns",116,107
"Brooklyn Nets","Chicago Bulls",116,105
"Milwaukee Bucks","Los Angeles Lakers",115,106
"Detroit Pistons","San Antonio Spurs",138,131
"Phoenix Suns","Indiana Pacers",117,104
"Philadelphia 76ers","New York Knicks",119,108
"Boston Celtics","Charlotte Hornets",127,116
"Utah Jazz","Toronto Raptors",122,116
"Memphis Grizzlies","Minnesota Timberwolves",128,107
"Miami Heat","Houston Rockets",97,95
"Cleveland Cavaliers","New Orleans Pelicans",118,107
"Oklahoma City Thunder","Portland Trail Blazers",138,129
"Dallas Mavericks","Sacramento Kings",122,114
"Milwaukee Bucks","Los Angeles Clippers",119,106
"Philadelphia 76ers","Brooklyn Nets",101,98
"Denver Nuggets","Charlotte Hornets",119,105
"Miami Heat","Orlando Magic",107,103
"Washington Wizards","Indiana Pacers",127,113
"Atlanta Hawks","San Antonio Spurs",125,106
"New York Knicks","Utah Jazz",126,120
"Cleveland Cavaliers","Chicago Bulls",97,89
"Los Angeles Lakers","Golden State Warriors",109,103
"Sacramento Kings","Dallas Mavericks",133,128
"Boston Celtics","Memphis Grizzlies",119,109
"Toronto Raptors","Detroit Pistons",119,118
"Charlotte Hornets","Atlanta Hawks",144,138
"Cleveland Cavaliers","San Antonio Spurs",117,109
"Utah Jazz","Indiana Pacers",123,117
"Philadelphia 76ers","Houston Rockets",123,104
"Denver Nuggets","Miami Heat",112,108
"New York Knicks","Brooklyn Nets",124,106
"Orlando Magic","Chicago Bulls",100,91
"New Orleans Pelicans","Oklahoma City Thunder",103,100
"Minnesota Timberwolves","Dallas Mavericks",124,121
"Golden State Warriors","Washington Wizards",135,126
"Portland Trail Blazers","Los Angeles Lakers",127,115
"Milwaukee Bucks","Boston Celtics",131,125
"Toronto Raptors","Orlando Magic",123,113
"Phoenix Suns","Sacramento Kings",120,109
"Los Angeles Clippers","Golden State Warriors",134,124
"Washington Wizards","Portland Trail Blazers",126,101
"Charlotte Hornets","San Antonio Spurs",120,110
"Indiana Pacers","Chicago Bulls",117,113
"New York Knicks","Atlanta Hawks",122,101
"Boston Celtics","Detroit Pistons",127,109
"Brooklyn Nets","Miami Heat",116,105
"Philadelphia 76ers","Cleveland Cavaliers",118,112
"Memphis Grizzlies","Utah Jazz",117,111
"Oklahoma City Thunder","Houston Rockets",133,96
"Denver Nuggets","Dallas Mavericks",118,109
"Los Angeles Lakers","New Orleans Pelicans",120,102
"Milwaukee Bucks","Chicago Bulls",112,100
"Washington Wizards","Minnesota Timberwolves",114,106
"Los Angeles Clippers","Phoenix Suns",116,107
"Denver Nuggets","Cleveland Cavaliers",115,109
"Boston Celtics","Indiana Pacers",142,138
"Orlando Magic","Detroit Pistons",108,106
"Philadelphia 76ers","Memphis Grizzlies",110,105
"Toronto Raptors","New Orleans Pelicans",115,110
"Dallas Mavericks","San Antonio Spurs",142,116
"Utah Jazz","Oklahoma City Thunder",120,119
"Los Angeles Lakers","Golden State Warriors",124,111
"Sacramento Kings","Portland Trail Blazers",133,116
"New York Knicks","Washington Wizards",115,109
"Atlanta Hawks","Cleveland Cavaliers",136,119
"Milwaukee Bucks","Miami Heat",128,99
"Chicago Bulls","Brooklyn Nets",131,87
"Charlotte Hornets","Minnesota Timberwolves",121,113
"Golden State Warriors","Houston Rockets",116,101
"Phoenix Suns","Oklahoma City Thunder",124,115
"Sacramento Kings","Los Angeles Clippers",176,175
"Toronto Raptors","Detroit Pistons",95,91
"Charlotte Hornets","Miami Heat",108,103
"Indiana Pacers","Orlando Magic",121,108
"New York Knicks","New Orleans Pelicans",128,106
"Memphis Grizzlies","Denver Nuggets",112,94
"Boston Celtics","Philadelphia 76ers",110,107
"Utah Jazz","San Antonio Spurs",118,102
"Milwaukee Bucks","Phoenix Suns",104,101
"Atlanta Hawks","Brooklyn Nets",129,127
"Chicago Bulls","Washington Wizards",102,82
"Los Angeles Lakers","Dallas Mavericks",111,108
"Cleveland Cavaliers","Toronto Raptors",118,93
"Sacramento Kings","Oklahoma City Thunder",124,115
"Golden State Warriors","Minnesota Timberwolves",109,104
"Portland Trail Blazers","Houston Rockets",131,114
"Denver Nuggets","Los Angeles Clippers",134,124
"Charlotte Hornets","Detroit Pistons",117,106
"Miami Heat","Philadelphia 76ers",101,99
"New York Knicks","Boston Celtics",109,94
"Orlando Magic","New Orleans Pelicans",101,93
"Washington Wizards","Atlanta Hawks",119,116
"Milwaukee Bucks","Brooklyn Nets",118,104
"Memphis Grizzlies","Los Angeles Lakers",121,109
"Toronto Raptors","Chicago Bulls",104,98
"Denver Nuggets","Houston Rockets",133,112
"Sacramento Kings","Oklahoma City Thunder",123,117
"Indiana Pacers","Dallas Mavericks",124,122
"San Antonio Spurs","Utah Jazz",102,94
"Golden State Warriors","Portland Trail Blazers",123,105
"Minnesota Timberwolves","Los Angeles Clippers",108,101
"Phoenix Suns","Charlotte Hornets",105,91
"Chicago Bulls","Detroit Pistons",117,115
"Boston Celtics","Cleveland Cavaliers",117,113
"Philadelphia 76ers","Miami Heat",119,96
"New York Knicks","Brooklyn Nets",142,118
"Memphis Grizzlies","Houston Rockets",113,99
"Milwaukee Bucks","Orlando Magic",139,117
"Los Angeles Lakers","Oklahoma City Thunder",123,117
"New Orleans Pelicans","Portland Trail Blazers",121,110
"Washington Wizards","Toronto Raptors",119,108
"Dallas Mavericks","Philadelphia 76ers",133,126
"San Antonio Spurs","Indiana Pacers",110,99
"Golden State Warriors","Los Angeles Clippers",115,91
"Orlando Magic","Charlotte Hornets",117,106
"Atlanta Hawks","Portland Trail Blazers",129,111
"Brooklyn Nets","Boston Celtics",115,105
"Phoenix Suns","Chicago Bulls",125,104
"New York Knicks","Miami Heat",122,120
"Oklahoma City Thunder","Utah Jazz",130,103
"Denver Nuggets","Memphis Grizzlies",113,97
"Golden State Warriors","New Orleans Pelicans",108,99
"Sacramento Kings","Los Angeles Clippers",128,127
"Minnesota Timberwolves","Los Angeles Lakers",110,102
"Toronto Raptors","Washington Wizards",116,109
"Cleveland Cavaliers","Detroit Pistons",114,90
"Miami Heat","Atlanta Hawks",117,109
"Houston Rockets","San Antonio Spurs",122,110
"Philadelphia 76ers","Milwaukee Bucks",133,130
"Minnesota Timberwolves","Sacramento Kings",138,134
"Phoenix Suns","Dallas Mavericks",130,126
"Indiana Pacers","Chicago Bulls",125,122
"Los Angeles Lakers","Golden State Warriors",113,105
"Brooklyn Nets","Charlotte Hornets",102,86
"Portland Trail Blazers","Orlando Magic",122,119
"Houston Rockets","San Antonio Spurs",142,110
"Oklahoma City Thunder","Utah Jazz",129,119
"New York Knicks","Boston Celtics",131,129
"Milwaukee Bucks","Washington Wizards",117,111
"Los Angeles Clippers","Memphis Grizzlies",135,129
"Cleveland Cavaliers","Boston Celtics",118,114
"Portland Trail Blazers","Detroit Pistons",110,104
"Philadelphia 76ers","Indiana Pacers",147,143
"Miami Heat","Atlanta Hawks",130,128
"Denver Nuggets","Toronto Raptors",118,113
"Sacramento Kings","New Orleans Pelicans",123,108
"Washington Wizards","Detroit Pistons",119,117
"Milwaukee Bucks","Orlando Magic",134,123
"Philadelphia 76ers","Minnesota Timberwolves",117,94
"Charlotte Hornets","New York Knicks",112,105
"Brooklyn Nets","Houston Rockets",118,96
"Oklahoma City Thunder","Golden State Warriors",137,128
"Dallas Mavericks","Utah Jazz",120,116
"Los Angeles Lakers","Memphis Grizzlies",112,103
"Atlanta Hawks","Washington Wizards",122,120
"Boston Celtics","Portland Trail Blazers",115,93
"Cleveland Cavaliers","Miami Heat",104,100
"New Orleans Pelicans","Dallas Mavericks",113,106
"Chicago Bulls","Denver Nuggets",117,96
"Phoenix Suns","Oklahoma City Thunder",132,101
"Los Angeles Clippers","Toronto Raptors",108,100
"Charlotte Hornets","Detroit Pistons",113,103
"Indiana Pacers","Houston Rockets",134,125
"Utah Jazz","Orlando Magic",131,124
"Memphis Grizzlies","Golden State Warriors",131,110
"Milwaukee Bucks","Brooklyn Nets",118,113
"Sacramento Kings","New York Knicks",122,117
"Philadelphia 76ers","Portland Trail Blazers",120,119
"Atlanta Hawks","Washington Wizards",114,107
"Miami Heat","Cleveland Cavaliers",119,115
"Brooklyn Nets","Minnesota Timberwolves",124,123
"San Antonio Spurs","Denver Nuggets",128,120
"Los Angeles Lakers","Toronto Raptors",122,112
"Los Angeles Clippers","New York Knicks",106,95
"Utah Jazz","Charlotte Hornets",119,111
"Indiana Pacers","Detroit Pistons",121,115
"Orlando Magic","Miami Heat",126,114
"Boston Celtics","Atlanta Hawks",134,125
"Chicago Bulls","Houston Rockets",119,111
"Memphis Grizzlies","Dallas Mavericks",112,108
"Golden State Warriors","Milwaukee Bucks",125,116
"Oklahoma City Thunder","New Orleans Pelicans",110,96
"Sacramento Kings","Phoenix Suns",128,119
"Brooklyn Nets","Denver Nuggets",122,120
"Cleveland Cavaliers","Charlotte Hornets",114,108
"Philadelphia 76ers","Washington Wizards",112,93
"New Orleans Pelicans","Portland Trail Blazers",127,110
"Oklahoma City Thunder","San Antonio Spurs",102,90
"New York Knicks","Los Angeles Lakers",112,108
"Detroit Pistons","Indiana Pacers",117,97
"Minnesota Timberwolves","Atlanta Hawks",136,115
"Memphis Grizzlies","Dallas Mavericks",104,88
"Miami Heat","Utah Jazz",119,115
"Houston Rockets","Boston Celtics",111,109
"Golden State Warriors","Phoenix Suns",123,112
"Milwaukee Bucks","Sacramento Kings",133,124
"Cleveland Cavaliers","Charlotte Hornets",120,104
"Washington Wizards","Detroit Pistons",117,97
"Toronto Raptors","Denver Nuggets",125,110
"Los Angeles Lakers","New Orleans Pelicans",123,108
"Oklahoma City Thunder","Brooklyn Nets",121,107
"San Antonio Spurs","Orlando Magic",132,114
"Milwaukee Bucks","Phoenix Suns",116,104
"New York Knicks","Portland Trail Blazers",123,107
"Philadelphia 76ers","Cleveland Cavaliers",118,109
"Miami Heat","Memphis Grizzlies",138,119
"Sacramento Kings","Chicago Bulls",117,114
"Houston Rockets","Los Angeles Lakers",114,110
"Boston Celtics","Minnesota Timberwolves",104,102
"Dallas Mavericks","San Antonio Spurs",137,128
"Los Angeles Clippers","Golden State Warriors",134,126
"Denver Nuggets","Detroit Pistons",119,100
"Sacramento Kings","Brooklyn Nets",101,96
"Toronto Raptors","Oklahoma City Thunder",128,111
"Indiana Pacers","Milwaukee Bucks",139,123
"Phoenix Suns","Orlando Magic",116,113
"Philadelphia 76ers","Charlotte Hornets",121,82
"Atlanta Hawks","Golden State Warriors",127,119
"Cleveland Cavaliers","Washington Wizards",117,94
"Chicago Bulls","Minnesota Timberwolves",139,131
"Houston Rockets","New Orleans Pelicans",114,112
"Memphis Grizzlies","San Antonio Spurs",126,120
"Boston Celtics","Portland Trail Blazers",126,112
"Dallas Mavericks","Los Angeles Lakers",111,110
"New York Knicks","Denver Nuggets",116,110
"Orlando Magic","Los Angeles Clippers",113,108
"Philadelphia 76ers","Indiana Pacers",141,121
"Toronto Raptors","Minnesota Timberwolves",122,107
"Chicago Bulls","Miami Heat",113,99
"Memphis Grizzlies","Golden State Warriors",133,119
"Sacramento Kings","Washington Wizards",132,118
"Utah Jazz","Boston Celtics",118,117
"Denver Nuggets","Brooklyn Nets",108,102
"Oklahoma City Thunder","Phoenix Suns",124,120
"San Antonio Spurs","Atlanta Hawks",126,118
"Miami Heat","Detroit Pistons",112,100
"New Orleans Pelicans","Houston Rockets",117,107
"Milwaukee Bucks","Toronto Raptors",118,111
"Los Angeles Clippers","Portland Trail Blazers",117,102
"Los Angeles Lakers","Orlando Magic",111,105
"Charlotte Hornets","Indiana Pacers",115,109
"Chicago Bulls","Philadelphia 76ers",109,105
"Minnesota Timberwolves","New York Knicks",140,134
"Golden State Warriors","Houston Rockets",121,108
"Memphis Grizzlies","Dallas Mavericks",112,108
"Utah Jazz","Sacramento Kings",128,120
"Orlando Magic","Washington Wizards",122,112
"Atlanta Hawks","Detroit Pistons",129,107
"Cleveland Cavaliers","Brooklyn Nets",115,109
"New Orleans Pelicans","San Antonio Spurs",119,84
"Boston Celtics","Sacramento Kings",132,109
"Oklahoma City Thunder","Los Angeles Clippers",101,100
"Denver Nuggets","Washington Wizards",118,104
"Golden State Warriors","Dallas Mavericks",127,125
"Miami Heat","New York Knicks",127,120
"Indiana Pacers","Toronto Raptors",118,114
"Philadelphia 76ers","Chicago Bulls",116,91
"Memphis Grizzlies","Houston Rockets",130,125
"Milwaukee Bucks","San Antonio Spurs",130,94
"Minnesota Timberwolves","Atlanta Hawks",125,124
"Portland Trail Blazers","Utah Jazz",127,115
"Los Angeles Lakers","Phoenix Suns",122,111
"Orlando Magic","New York Knicks",111,106
"Cleveland Cavaliers","Brooklyn Nets",116,114
"New Orleans Pelicans","Charlotte Hornets",115,96
"Los Angeles Clippers","Oklahoma City Thunder",127,105
"Boston Celtics","Indiana Pacers",120,95
"Washington Wizards","San Antonio Spurs",136,124
"Toronto Raptors","Detroit Pistons",118,97
"Memphis Grizzlies","Houston Rockets",151,114
"Charlotte Hornets","Dallas Mavericks",117,109
"Milwaukee Bucks","Utah Jazz",144,116
"Golden State Warriors","Philadelphia 76ers",120,112
"Chicago Bulls","Portland Trail Blazers",124,96
"Sacramento Kings","Phoenix Suns",135,127
"Los Angeles Lakers","Oklahoma City Thunder",116,111
"Atlanta Hawks","Indiana Pacers",143,130
"Brooklyn Nets","Miami Heat",129,100
"Denver Nuggets","Milwaukee Bucks",129,106
"Phoenix Suns","Philadelphia 76ers",125,105
"Sacramento Kings","Utah Jazz",121,113
"New Orleans Pelicans","Los Angeles Clippers",131,110
"Charlotte Hornets","Dallas Mavericks",110,104
"Chicago Bulls","Los Angeles Lakers",118,108
"Memphis Grizzlies","Atlanta Hawks",123,119
"Boston Celtics","San Antonio Spurs",137,93
"Cleveland Cavaliers","Houston Rockets",108,91
"Orlando Magic","Brooklyn Nets",119,106
"Toronto Raptors","Washington Wizards",114,104
"Oklahoma City Thunder","Portland Trail Blazers",118,112
"Minnesota Timberwolves","Golden State Warriors",99,96
"Milwaukee Bucks","Detroit Pistons",126,117
"Dallas Mavericks","Indiana Pacers",127,104
"New York Knicks","Houston Rockets",137,115
"Phoenix Suns","Utah Jazz",117,103
"Denver Nuggets","Philadelphia 76ers",116,111
"New Orleans Pelicans","Portland Trail Blazers",124,90
"Minnesota Timberwolves","Sacramento Kings",119,115
"Los Angeles Clippers","Chicago Bulls",124,112
"Washington Wizards","Boston Celtics",130,111
"Atlanta Hawks","Cleveland Cavaliers",120,118
"Toronto Raptors","Miami Heat",106,92
"Memphis Grizzlies","Orlando Magic",113,108
"Charlotte Hornets","Oklahoma City Thunder",137,134
"Golden State Warriors","New Orleans Pelicans",120,109
"Milwaukee Bucks","Indiana Pacers",149,136
"Brooklyn Nets","Houston Rockets",123,114
"New York Knicks","Miami Heat",101,92
"Philadelphia 76ers","Dallas Mavericks",116,108
"Los Angeles Lakers","Chicago Bulls",121,110
"Los Angeles Clippers","Memphis Grizzlies",141,132
"Oklahoma City Thunder","Detroit Pistons",107,106
"Utah Jazz","San Antonio Spurs",128,117
"Phoenix Suns","Minnesota Timberwolves",107,100
"Sacramento Kings","Portland Trail Blazers",120,80
"Boston Celtics","Milwaukee Bucks",140,99
"New Orleans Pelicans","Denver Nuggets",107,88
"Chicago Bulls","Charlotte Hornets",121,91
"Indiana Pacers","Oklahoma City Thunder",121,117
"Philadelphia 76ers","Toronto Raptors",117,110
"Orlando Magic","Washington Wizards",116,109
"Boston Celtics","Utah Jazz",122,114
"Brooklyn Nets","Atlanta Hawks",124,107
"New York Knicks","Cleveland Cavaliers",130,116
"Houston Rockets","Detroit Pistons",121,115
"Memphis Grizzlies","Los Angeles Clippers",108,94
"Los Angeles Lakers","Minnesota Timberwolves",123,111
"Golden State Warriors","San Antonio Spurs",130,115
"Sacramento Kings","Portland Trail Blazers",138,114
"Phoenix Suns","Denver Nuggets",100,93
"Miami Heat","Dallas Mavericks",129,122
"New Orleans Pelicans","Los Angeles Clippers",122,114
"Toronto Raptors","Charlotte Hornets",128,108
"Brooklyn Nets","Utah Jazz",111,110
"Chicago Bulls","Memphis Grizzlies",128,107
"Portland Trail Blazers","Minnesota Timberwolves",107,105
"Atlanta Hawks","Dallas Mavericks",132,130
"New York Knicks","Washington Wizards",118,109
"Orlando Magic","Detroit Pistons",128,102
"San Antonio Spurs","Sacramento Kings",142,134
"Los Angeles Lakers","Houston Rockets",134,109
"Phoenix Suns","Oklahoma City Thunder",128,118
"Cleveland Cavaliers","Indiana Pacers",115,105
"Milwaukee Bucks","Philadelphia 76ers",117,104
"Denver Nuggets","Golden State Warriors",112,110
"Toronto Raptors","Charlotte Hornets",120,100
"Miami Heat","Detroit Pistons",118,105
"Cleveland Cavaliers","Orlando Magic",117,113
"Milwaukee Bucks","Washington Wizards",140,128
"Minnesota Timberwolves","Brooklyn Nets",107,102
"Atlanta Hawks","Chicago Bulls",123,105
"Houston Rockets","Denver Nuggets",124,103
"Memphis Grizzlies","Portland Trail Blazers",119,109
"Sacramento Kings","New Orleans Pelicans",121,103
"Philadelphia 76ers","Boston Celtics",103,101
"Los Angeles Lakers","Utah Jazz",135,133
"Golden State Warriors","Oklahoma City Thunder",136,125
"Phoenix Suns","San Antonio Spurs",115,94
"Brooklyn Nets","Detroit Pistons",123,108
"New York Knicks","Indiana Pacers",138,129
"Atlanta Hawks","Washington Wizards",134,116
"Boston Celtics","Toronto Raptors",97,93
"Milwaukee Bucks","Chicago Bulls",105,92
"New Orleans Pelicans","Memphis Grizzlies",138,131
"Dallas Mavericks","Sacramento Kings",123,119
"Los Angeles Clippers","Los Angeles Lakers",125,118
"Cleveland Cavaliers","Orlando Magic",118,94
"Miami Heat","Philadelphia 76ers",129,101
"San Antonio Spurs","Portland Trail Blazers",129,127
"Oklahoma City Thunder","Utah Jazz",114,98
"Phoenix Suns","Denver Nuggets",119,115
"Houston Rockets","Charlotte Hornets",112,109
"Detroit Pistons","Indiana Pacers",122,115
"Washington Wizards","Miami Heat",114,108
"Philadelphia 76ers","Atlanta Hawks",136,131
"Boston Celtics","Toronto Raptors",121,102
"Brooklyn Nets","Orlando Magic",101,84
"Memphis Grizzlies","Milwaukee Bucks",137,114
"New Orleans Pelicans","New York Knicks",113,105
"Chicago Bulls","Dallas Mavericks",115,112
"Golden State Warriors","Sacramento Kings",119,97
"Los Angeles Lakers","Phoenix Suns",121,107
"Utah Jazz","Denver Nuggets",118,114
"Los Angeles Clippers","Portland Trail Blazers",136,125
"Minnesota Timberwolves","San Antonio Spurs",151,131
"Boston Celtics","Atlanta Hawks",120,114
"Philadelphia 76ers","Brooklyn Nets",134,105
"Chicago Bulls","Detroit Pistons",103,81
"Charlotte Hornets","Cleveland Cavaliers",106,95
"Miami Heat","Orlando Magic",123,110
"Indiana Pacers","New York Knicks",141,136
"Toronto Raptors","Milwaukee Bucks",121,105
"Houston Rockets","Washington Wizards",114,109
"San Antonio Spurs","Dallas Mavericks",138,117
"Denver Nuggets","Sacramento Kings",109,95
"Los Angeles Lakers","Utah Jazz",128,117
"Minnesota Timberwolves","New Orleans Pelicans",113,108
"Oklahoma City Thunder","Memphis Grizzlies",115,100
"Los Angeles Clippers","Phoenix Suns",119,114
"Golden State Warriors","Portland Trail Blazers",157,101
